{"OutputFileHashSum":"A2C982D210B21FDC7EA4CEA136C4225EFFA03ED169E0C42E7B3A1506885F4385","Converted":true,"OutputModifyDate":"2021-06-14T20:34:42.7936837Z","Metadatas":[],"MetadataTypes":[{"CategoryName":"VuGen.Replay","MetadataTypeName":"HP.LR.Vugen.Iteration","Id":1},{"CategoryName":"VuGen.Replay","MetadataTypeName":"HP.LR.Vugen.NotifyTransaction","Id":2},{"CategoryName":"VuGen.Replay","MetadataTypeName":"Utt.Debugger.Error","Id":3},{"CategoryName":"VuGen.Replay","MetadataTypeName":"Utt.Debugger.Warning","Id":4}]}