<?xml version="1.0" encoding="utf-8"?>
<VugenScriptMetadata>
  <ScriptName>UC_transfer_mail</ScriptName>
  <Protocol>Web - HTTP/HTML</Protocol>
  <ActionFiles>
    <FileEntry Name="vuser_init.c" Filter="2" />
    <FileEntry Name="Action.c" Filter="2" />
    <FileEntry Name="vuser_end.c" Filter="2" />
  </ActionFiles>
  <GeneralFiles>
    <FileEntry Name="UC_transfer_mail.usr" Filter="4" />
    <FileEntry Name="default.cfg" Filter="4" />
    <FileEntry Name="default.usp" Filter="4" />
    <FileEntry Name="UC_transfer_mail.prm" Filter="2" />
    <FileEntry Name="globals.h" Filter="2" />
    <FileEntry Name="WebSocketBuffer.h" Filter="2" />
    <FileEntry Name="WebSocketCB.c" Filter="2" />
    <FileEntry Name="mail2_login.dat" Filter="2" />
    <FileEntry Name="combined_UC_transfer_mail.c" Filter="2" />
    <FileEntry Name="pre_cci.c" Filter="2" />
    <FileEntry Name="119667868441.idx" Filter="1" />
    <FileEntry Name="11966786844_36J.954.idx" Filter="1" />
    <FileEntry Name="11966786844_4UQ.885.idx" Filter="1" />
    <FileEntry Name="11966786844_5dc.131.idx" Filter="1" />
    <FileEntry Name="11966786844_8Hr.635.idx" Filter="1" />
    <FileEntry Name="11966786844_8ij.941.idx" Filter="1" />
    <FileEntry Name="11966786844_8oH.307.idx" Filter="1" />
    <FileEntry Name="11966786844_bZZ.133.idx" Filter="1" />
    <FileEntry Name="11966786844_ceK.227.idx" Filter="1" />
    <FileEntry Name="11966786844_e3F.329.idx" Filter="1" />
    <FileEntry Name="11966786844_EAq.591.idx" Filter="1" />
    <FileEntry Name="11966786844_fPy.703.idx" Filter="1" />
    <FileEntry Name="11966786844_gPH.637.idx" Filter="1" />
    <FileEntry Name="11966786844_GTz.45.idx" Filter="1" />
    <FileEntry Name="11966786844_htD.459.idx" Filter="1" />
    <FileEntry Name="11966786844_i8D.865.idx" Filter="1" />
    <FileEntry Name="11966786844_IsL.837.idx" Filter="1" />
    <FileEntry Name="11966786844_j5x.51.idx" Filter="1" />
    <FileEntry Name="11966786844_JG7.139.idx" Filter="1" />
    <FileEntry Name="11966786844_jsv.953.idx" Filter="1" />
    <FileEntry Name="11966786844_kAF.419.idx" Filter="1" />
    <FileEntry Name="11966786844_kd1.879.idx" Filter="1" />
    <FileEntry Name="11966786844_kjI.545.idx" Filter="1" />
    <FileEntry Name="11966786844_Lkb.247.idx" Filter="1" />
    <FileEntry Name="11966786844_M0z.511.idx" Filter="1" />
    <FileEntry Name="11966786844_MiD.759.idx" Filter="1" />
    <FileEntry Name="11966786844_Mth.133.idx" Filter="1" />
    <FileEntry Name="11966786844_mW8.289.idx" Filter="1" />
    <FileEntry Name="11966786844_nAA.513.idx" Filter="1" />
    <FileEntry Name="11966786844_nOM.355.idx" Filter="1" />
    <FileEntry Name="11966786844_NPn.367.idx" Filter="1" />
    <FileEntry Name="11966786844_nTK.299.idx" Filter="1" />
    <FileEntry Name="11966786844_nuL.921.idx" Filter="1" />
    <FileEntry Name="11966786844_OJ4.381.idx" Filter="1" />
    <FileEntry Name="11966786844_pjx.689.idx" Filter="1" />
    <FileEntry Name="11966786844_qaK.239.idx" Filter="1" />
    <FileEntry Name="11966786844_R8k.639.idx" Filter="1" />
    <FileEntry Name="11966786844_S2G.677.idx" Filter="1" />
    <FileEntry Name="11966786844_SXh.343.idx" Filter="1" />
    <FileEntry Name="11966786844_ThK.727.idx" Filter="1" />
    <FileEntry Name="11966786844_uqv.879.idx" Filter="1" />
    <FileEntry Name="11966786844_uw6.923.idx" Filter="1" />
    <FileEntry Name="11966786844_vUN.297.idx" Filter="1" />
    <FileEntry Name="11966786844_vyy.301.idx" Filter="1" />
    <FileEntry Name="11966786844_wj4.305.idx" Filter="1" />
    <FileEntry Name="11966786844_XNL.105.idx" Filter="1" />
    <FileEntry Name="11966786844_XXa.909.idx" Filter="1" />
    <FileEntry Name="11966786844_Y33.503.idx" Filter="1" />
    <FileEntry Name="11966786844_yD1.661.idx" Filter="1" />
    <FileEntry Name="11966786844_yU5.471.idx" Filter="1" />
    <FileEntry Name="11966786844_YVo.455.idx" Filter="1" />
    <FileEntry Name="11966786844_Yw0.205.idx" Filter="1" />
    <FileEntry Name="11966786844_Z8M.927.idx" Filter="1" />
    <FileEntry Name="11966786844_zfz.371.idx" Filter="1" />
    <FileEntry Name="11966786844_ZNK.259.idx" Filter="1" />
    <FileEntry Name="80893589441.idx" Filter="1" />
    <FileEntry Name="Bookmarks.xml" Filter="1" />
    <FileEntry Name="Breakpoints.xml" Filter="1" />
    <FileEntry Name="CompilerLogMetadata.xml" Filter="1" />
    <FileEntry Name="custom_body_variables.txt" Filter="1" />
    <FileEntry Name="logfile.log" Filter="1" />
    <FileEntry Name="lrw_custom_body.h" Filter="1" />
    <FileEntry Name="mail2_password.dat" Filter="1" />
    <FileEntry Name="mdrv.log" Filter="1" />
    <FileEntry Name="mdrv0JA.647.log" Filter="1" />
    <FileEntry Name="mdrv599.947.log" Filter="1" />
    <FileEntry Name="mdrv7nH.123.log" Filter="1" />
    <FileEntry Name="mdrv9P5.673.log" Filter="1" />
    <FileEntry Name="mdrvBzr.567.log" Filter="1" />
    <FileEntry Name="mdrvfTE.75.log" Filter="1" />
    <FileEntry Name="mdrvg10.121.log" Filter="1" />
    <FileEntry Name="mdrvidm.61.log" Filter="1" />
    <FileEntry Name="mdrvlmA.415.log" Filter="1" />
    <FileEntry Name="mdrvLPO.355.log" Filter="1" />
    <FileEntry Name="mdrvMfA.823.log" Filter="1" />
    <FileEntry Name="mdrvMj3.397.log" Filter="1" />
    <FileEntry Name="mdrvNcF.171.log" Filter="1" />
    <FileEntry Name="mdrvnQS.545.log" Filter="1" />
    <FileEntry Name="mdrvnUC.545.log" Filter="1" />
    <FileEntry Name="mdrvOLH.481.log" Filter="1" />
    <FileEntry Name="mdrvoX0.113.log" Filter="1" />
    <FileEntry Name="mdrvQ5t.83.log" Filter="1" />
    <FileEntry Name="mdrvQWE.227.log" Filter="1" />
    <FileEntry Name="mdrvRD7.553.log" Filter="1" />
    <FileEntry Name="mdrvsjD.797.log" Filter="1" />
    <FileEntry Name="mdrvUC0.247.log" Filter="1" />
    <FileEntry Name="mdrvuME.119.log" Filter="1" />
    <FileEntry Name="mdrvuvp.115.log" Filter="1" />
    <FileEntry Name="mdrvx7Z.331.log" Filter="1" />
    <FileEntry Name="mdrvyaM.277.log" Filter="1" />
    <FileEntry Name="mdrvYWe.837.log" Filter="1" />
    <FileEntry Name="mdrvzEX.553.log" Filter="1" />
    <FileEntry Name="mdrvZxZ.159.log" Filter="1" />
    <FileEntry Name="mdrv_cmd.txt" Filter="1" />
    <FileEntry Name="options.txt" Filter="1" />
    <FileEntry Name="output.bak" Filter="1" />
    <FileEntry Name="output.txt" Filter="1" />
    <FileEntry Name="OutputColoringDatabase.json" Filter="1" />
    <FileEntry Name="ReplaySummaryReport.xml" Filter="1" />
    <FileEntry Name="ScriptUploadMetadata.xml" Filter="1" />
    <FileEntry Name="ThumbnailsCache.tmp" Filter="1" />
    <FileEntry Name="UC_transfer_mail.c.pickle" Filter="1" />
    <FileEntry Name="UC_transfer_mail.ci" Filter="1" />
    <FileEntry Name="UC_transfer_mail.prm.bak" Filter="1" />
    <FileEntry Name="UserTasks.xml" Filter="1" />
    <FileEntry Name="result1\" Filter="1" />
  </GeneralFiles>
</VugenScriptMetadata>