﻿<?xml version="1.0"?>
<!DOCTYPE Report
[
<!ELEMENT Report (General ,(Doc|BPT)) >
<!ATTLIST Report ver CDATA #REQUIRED tmZone CDATA #REQUIRED>

<!ELEMENT General ( DocLocation ) >
<!ATTLIST General productName CDATA #REQUIRED productVer CDATA #REQUIRED os CDATA #REQUIRED host CDATA #REQUIRED qcserver CDATA #IMPLIED qcproject CDATA #IMPLIED SolManSolutionId CDATA #IMPLIED SolManProjectId CDATA #IMPLIED SolManTestPlanId CDATA #IMPLIED SolManTestPackageId CDATA #IMPLIED SolManUserInfoData CDATA #IMPLIED  >

<!ELEMENT BPT (DName,Res,DVer?,TSet?,TInst?,NodeArgs,AdditionalInfo*,Doc*) >
<!ATTLIST BPT rID ID #REQUIRED >

<!ELEMENT Doc (DName,ConfName?,Res,DVer?,TSet?,TInst?,RunType?,DT?,AdditionalInfo*,Step*,DIter*,Step*,Action*,Doc*,Summary?,TestMaintenanceSummary*,NodeArgs?) >
<!ATTLIST Doc rID ID #REQUIRED type (Test|BC|BPTWrapperTest|Flow|Group|Action) "Test" productName CDATA #REQUIRED BCIter CDATA #IMPLIED >

<!ELEMENT RunType ( #PCDATA )>
<!ATTLIST RunType fmStep (False|True) "False" batch (False|True) "False" upDesc (False|True) "False" upChk (False|True) "False" upAS (False|True) "False">

<!ELEMENT DName ( #PCDATA ) >

<!ELEMENT ConfName ( #PCDATA ) >

<!ELEMENT Res ( #PCDATA ) >

<!ELEMENT AdditionalInfo (AdditionalDataName,AdditionalDataValue ) >

<!ELEMENT AdditionalDataName ( #PCDATA ) >

<!ELEMENT AdditionalDataValue ( #PCDATA ) >

<!ELEMENT DVer ( #PCDATA ) >

<!ELEMENT TSet ( #PCDATA ) >

<!ELEMENT TInst ( #PCDATA ) >

<!ELEMENT DIter (Step*,Action+,Summary?,NodeArgs)>
<!ATTLIST DIter rID ID #REQUIRED iterID CDATA #REQUIRED>

<!ELEMENT DocLocation ( #PCDATA )>

<!ELEMENT Action (AName,AIter*,(Step|HtmlStep|Action)*, Summary,ActionMaintenanceSummary*, NodeArgs ) >
<!ATTLIST Action rID ID #REQUIRED>

<!ELEMENT AIter ((Step|HtmlStep|Action)*,DataMapping?, Summary?,NodeArgs) >
<!ATTLIST AIter rID ID #REQUIRED iterID CDATA #REQUIRED isCountable (False|True) "False" >

<!ELEMENT AName ( #PCDATA ) >

<!ELEMENT TestMaintenanceSummary (ActionMaintenanceSummary*) >
<!ATTLIST TestMaintenanceSummary ObjectsAdded CDATA #REQUIRED ObjectsUpdated CDATA #REQUIRED StepsUpdated CDATA #REQUIRED StepsComments CDATA #REQUIRED><!ELEMENT ActionMaintenanceSummary (ObjectChange* ) >
<!ATTLIST ActionMaintenanceSummary Action CDATA #REQUIRED Objects CDATA #REQUIRED Updated CDATA #REQUIRED LinesTotal CDATA #REQUIRED Added CDATA #REQUIRED LinesUpdated CDATA #REQUIRED>

<!ELEMENT ObjectChange  (Hierarchy, PropertyChangeList* ) >
<!ATTLIST ObjectChange Operation CDATA #IMPLIED OriginalRepository CDATA #IMPLIED>

<!ELEMENT PropertyChangeList (PropertyDef*) >

<!ELEMENT PropertyDef (OriginalValue, NewValue) >
<!ATTLIST PropertyDef PropName CDATA #REQUIRED OriginRegularExpression (True|False) "False" NewRegularExpression (True|False) "False" AddedProperty (True|False) "False" >

<!ELEMENT OriginalValue ( #PCDATA )>

<!ELEMENT NewValue ( #PCDATA )>

<!ELEMENT Hierarchy  (ObjectName, Hierarchy*) >
<!ATTLIST Hierarchy MicClass CDATA #REQUIRED>

<!ELEMENT ObjectName  ( #PCDATA ) >

<!ELEMENT Step (Obj,Details,Time,TimeTick* ,(Step|HtmlStep|Doc)*, DataMapping?, NodeArgs) >
<!ATTLIST Step rID ID #REQUIRED retval CDATA #IMPLIED>

<!ELEMENT HtmlStep (HTML,TimeTick*,(Step|HtmlStep|Doc)*,NodeArgs) >
<!ATTLIST HtmlStep rID ID #REQUIRED >

<!ELEMENT Obj ( #PCDATA ) >
<!ATTLIST Obj plainTxt (False|True) "True">

<!ELEMENT Details ( #PCDATA ) >
<!ATTLIST Details plainTxt (False|True) "True">

<!ELEMENT Time ( #PCDATA ) >

<!ELEMENT HTML ( #PCDATA ) >

<!ELEMENT Disp ( #PCDATA ) >

<!ELEMENT TimeTick ( #PCDATA ) >

<!ELEMENT DataMapping ( DataMappedItem* )>
<!ELEMENT DataMappedItem EMPTY >
<!ATTLIST DataMappedItem dsName CDATA #REQUIRED >
<!ATTLIST DataMappedItem rowId CDATA #REQUIRED >

<!ELEMENT NodeArgs (Disp,TopPane?,BtmPane?,ExtendedInfo? )>
<!ATTLIST NodeArgs eType CDATA #REQUIRED icon CDATA #REQUIRED nRep CDATA #REQUIRED UserNote CDATA #IMPLIED filter (False|True) "True">
<!ATTLIST NodeArgs status (Passed|Failed|Done|Warning|Information) "Done">
<!ATTLIST NodeArgs iconSel CDATA #IMPLIED nType CDATA #IMPLIED MovieMarker CDATA "">
<!ATTLIST NodeArgs Source CDATA #IMPLIED SourceLine CDATA #IMPLIED StepFlowItemKey CDATA #IMPLIED >

<!ELEMENT TopPane (Path)>

<!ELEMENT BtmPane ( (Path|WR)?,ASHilite?)>
<!ATTLIST BtmPane vType CDATA "HTML">

<!ELEMENT Path ( #PCDATA ) >

<!ELEMENT ASHilite ( #PCDATA ) >

<!ELEMENT WR ( #PCDATA ) >

<!ELEMENT ExtendedInfo ( StepData ) >

<!ATTLIST ExtendedInfo StepType CDATA #REQUIRED>
<!ELEMENT DT (NodeArgs) >
<!ATTLIST DT rID ID #REQUIRED>

<!ELEMENT Summary (Param*)>
<!ATTLIST Summary sTime CDATA #IMPLIED eTime CDATA #IMPLIED passed CDATA #IMPLIED failed CDATA #IMPLIED warnings CDATA #IMPLIED retval CDATA #IMPLIED stopped (False|True) "False" >

<!ELEMENT Param (ParamName,ParamVal)+ >
<!ATTLIST Param paramInOut (In|Out) "In">

<!ELEMENT ParamName ( #PCDATA ) >

<!ELEMENT ParamVal ( #PCDATA ) >

]
>
<Report ver="2.0" tmZone="RTZ 2 (зима)">
<General productName="Vugen" productVer="2021" os="" host="DESKTOP-T08BBNL"><DocLocation><![CDATA[D:\LoadRunner\UC_sendmail]]></DocLocation></General>
<Doc rID="T1"   productName= "Vugen"  >
<DName><![CDATA[UC_sendmail]]></DName>
<Res><![CDATA[result1]]></Res>
<Action rID="T2">
<AName><![CDATA[vuser_init]]></AName>
<Summary sTime="14.06.2021 - 22:51:35" eTime="14.06.2021 - 22:51:35" passed="0" failed="0" warnings="0" ></Summary>
<NodeArgs eType="StartAction" icon="2" nRep="5" >
<Disp><![CDATA[vuser_init Summary]]></Disp>
</NodeArgs>
</Action>
<DIter rID="T3" iterID="1" >
<Action rID="T4">
<AName><![CDATA[Action]]></AName>
<Step rID="T5">
<Obj plainTxt="False" ><![CDATA[Service: Set Sockets Option]]></Obj>
<Details plainTxt="False" ><![CDATA[<CENTER>Set socket option <STRONG><FONT COLOR=#00AF00>SSL_VERSION</FONT></STRONG> with value <STRONG><FONT COLOR=#00AF00>AUTO</FONT></STRONG></CENTER>]]></Details>
<Time><![CDATA[14.06.2021 - 22:51:35]]></Time>
<TimeTick>1623700295</TimeTick>
<NodeArgs eType="General" icon="4" nRep="9" >
<Disp><![CDATA[Service: Set Sockets Option]]></Disp>
</NodeArgs>
</Step>
<Step rID="T6">
<Obj plainTxt="False" ><![CDATA[Service: Reg Find]]></Obj>
<Details plainTxt="False" ><![CDATA[<CENTER><STRONG><FONT COLOR=#00AF00>Text=РђРІС‚РѕСЂРёР·Р°С†РёСЏ</FONT></STRONG></CENTER>]]></Details>
<Time><![CDATA[14.06.2021 - 22:51:35]]></Time>
<TimeTick>1623700295</TimeTick>
<NodeArgs eType="General" icon="5" nRep="10" >
<Disp><![CDATA[Service: Reg Find]]></Disp>
</NodeArgs>
</Step>
<Step rID="T7">
<Obj plainTxt="False" ><![CDATA[Service: Add Header]]></Obj>
<Details plainTxt="False" ><![CDATA[<CENTER>Add the following header to the next HTTP request :<BR><STRONG><FONT COLOR=#00AF00>Upgrade-Insecure-Requests: 1</FONT></STRONG></CENTER>]]></Details>
<Time><![CDATA[14.06.2021 - 22:51:35]]></Time>
<TimeTick>1623700295</TimeTick>
<NodeArgs eType="General" icon="6" nRep="11" >
<Disp><![CDATA[Service: Add Header]]></Disp>
</NodeArgs>
</Step>
<Step rID="T8">
<Obj plainTxt="False" ><![CDATA[Service: Reg Save Param RegExp]]></Obj>
<Details plainTxt="False" ><![CDATA[<CENTER>ParamName = <STRONG><FONT COLOR=#00AF00>act_token</FONT></STRONG><BR>RegExp = <STRONG><FONT COLOR=#00AF00>act=(.*?);</FONT></STRONG><BR>Instance = <STRONG><FONT COLOR=#00AF00>[param not passed in call]</FONT></STRONG></CENTER>]]></Details>
<Time><![CDATA[14.06.2021 - 22:51:35]]></Time>
<TimeTick>1623700295</TimeTick>
<NodeArgs eType="General" icon="7" nRep="12" >
<Disp><![CDATA[Service: Reg Save Param RegExp]]></Disp>
</NodeArgs>
</Step>
<Step rID="T9">
<Obj plainTxt="False" ><![CDATA[Url: light.mail.ru]]></Obj>
<Details plainTxt="False" ><![CDATA[<CENTER><STRONG><FONT COLOR=#009A63>Step completed successfully</FONT></STRONG></CENTER>]]></Details>
<Time><![CDATA[14.06.2021 - 22:51:37]]></Time>
<TimeTick>1623700297</TimeTick>
<NodeArgs eType="General" icon="8" nRep="13" status="Passed" >
<Disp><![CDATA[Url: light.mail.ru]]></Disp>
<BtmPane vType="HTMLSNSH" >
<Path><![CDATA[\Iteration1\t2.inf]]></Path>
</BtmPane>
</NodeArgs>
</Step>
<Step rID="T10">
<Obj plainTxt="False" ><![CDATA[Service: Add Auto Header]]></Obj>
<Details plainTxt="False" ><![CDATA[<CENTER>Add the following header to all subsequent HTTP requests :<BR><STRONG><FONT COLOR=#00AF00>Origin: https://account.mail.ru</FONT></STRONG></CENTER>]]></Details>
<Time><![CDATA[14.06.2021 - 22:51:37]]></Time>
<TimeTick>1623700297</TimeTick>
<NodeArgs eType="General" icon="9" nRep="14" >
<Disp><![CDATA[Service: Add Auto Header]]></Disp>
</NodeArgs>
</Step>
<Step rID="T11">
<Obj plainTxt="False" ><![CDATA[Submit Data: info]]></Obj>
<Details plainTxt="False" ><![CDATA[<CENTER><STRONG><FONT COLOR=#009A63>Step completed successfully</FONT></STRONG></CENTER>]]></Details>
<Time><![CDATA[14.06.2021 - 22:51:37]]></Time>
<TimeTick>1623700297</TimeTick>
<NodeArgs eType="General" icon="10" nRep="15" status="Passed" >
<Disp><![CDATA[Submit Data: info]]></Disp>
<BtmPane vType="HTMLSNSH" >
<Path><![CDATA[\Iteration1\t3.inf]]></Path>
</BtmPane>
</NodeArgs>
</Step>
<Step rID="T12">
<Obj plainTxt="False" ><![CDATA[Service: Remove/Revert Auto Header]]></Obj>
<Details plainTxt="False" ><![CDATA[<CENTER>Remove/revert <BR><STRONG><FONT COLOR=#00AF00>Origin</FONT></STRONG> header, implicit generation: <STRONG>Yes</STRONG></CENTER>]]></Details>
<Time><![CDATA[14.06.2021 - 22:51:37]]></Time>
<TimeTick>1623700297</TimeTick>
<NodeArgs eType="General" icon="4" nRep="16" >
<Disp><![CDATA[Service: Remove/Revert Auto Header]]></Disp>
</NodeArgs>
</Step>
<Step rID="T13">
<Obj plainTxt="False" ><![CDATA[Submit Data: auth]]></Obj>
<Details plainTxt="False" ><![CDATA[<CENTER><STRONG><FONT COLOR=#009A63>Step completed successfully</FONT></STRONG></CENTER>]]></Details>
<Time><![CDATA[14.06.2021 - 22:51:39]]></Time>
<TimeTick>1623700299</TimeTick>
<NodeArgs eType="General" icon="10" nRep="17" status="Passed" >
<Disp><![CDATA[Submit Data: auth]]></Disp>
<BtmPane vType="HTMLSNSH" >
<Path><![CDATA[\Iteration1\t4.inf]]></Path>
</BtmPane>
</NodeArgs>
</Step>
<Step rID="T14">
<Obj plainTxt="False" ><![CDATA[Service: Reg Save Param Attrib]]></Obj>
<Details plainTxt="False" ><![CDATA[<CENTER>ParamName = <STRONG><FONT COLOR=#00AF00>form_token</FONT></STRONG><BR>TagName = <STRONG><FONT COLOR=#00AF00>input</FONT></STRONG><BR>Extract = <STRONG><FONT COLOR=#00AF00>value</FONT></STRONG></CENTER>]]></Details>
<Time><![CDATA[14.06.2021 - 22:51:39]]></Time>
<TimeTick>1623700299</TimeTick>
<NodeArgs eType="General" icon="7" nRep="18" >
<Disp><![CDATA[Service: Reg Save Param Attrib]]></Disp>
</NodeArgs>
</Step>
<Step rID="T15">
<Obj plainTxt="False" ><![CDATA[Service: Reg Save Param Attrib]]></Obj>
<Details plainTxt="False" ><![CDATA[<CENTER>ParamName = <STRONG><FONT COLOR=#00AF00>form_sign</FONT></STRONG><BR>TagName = <STRONG><FONT COLOR=#00AF00>input</FONT></STRONG><BR>Extract = <STRONG><FONT COLOR=#00AF00>value</FONT></STRONG></CENTER>]]></Details>
<Time><![CDATA[14.06.2021 - 22:51:39]]></Time>
<TimeTick>1623700299</TimeTick>
<NodeArgs eType="General" icon="7" nRep="19" >
<Disp><![CDATA[Service: Reg Save Param Attrib]]></Disp>
</NodeArgs>
</Step>
<Step rID="T16">
<Obj plainTxt="False" ><![CDATA[Service: Reg Save Param Attrib]]></Obj>
<Details plainTxt="False" ><![CDATA[<CENTER>ParamName = <STRONG><FONT COLOR=#00AF00>message</FONT></STRONG><BR>TagName = <STRONG><FONT COLOR=#00AF00>input</FONT></STRONG><BR>Extract = <STRONG><FONT COLOR=#00AF00>value</FONT></STRONG></CENTER>]]></Details>
<Time><![CDATA[14.06.2021 - 22:51:39]]></Time>
<TimeTick>1623700299</TimeTick>
<NodeArgs eType="General" icon="7" nRep="20" >
<Disp><![CDATA[Service: Reg Save Param Attrib]]></Disp>
</NodeArgs>
</Step>
<Step rID="T17">
<Obj plainTxt="False" ><![CDATA[Url: compose]]></Obj>
<Details plainTxt="False" ><![CDATA[<CENTER><STRONG><FONT COLOR=#009A63>Step completed successfully</FONT></STRONG></CENTER>]]></Details>
<Time><![CDATA[14.06.2021 - 22:51:39]]></Time>
<TimeTick>1623700299</TimeTick>
<NodeArgs eType="General" icon="8" nRep="21" status="Passed" >
<Disp><![CDATA[Url: compose]]></Disp>
<BtmPane vType="HTMLSNSH" >
<Path><![CDATA[\Iteration1\t8.inf]]></Path>
</BtmPane>
</NodeArgs>
</Step>
<Step rID="T18">
<Obj plainTxt="False" ><![CDATA[Submit Data: compose_2]]></Obj>
<Details plainTxt="False" ><![CDATA[<CENTER><STRONG><FONT COLOR=#009A63>Step completed successfully</FONT></STRONG></CENTER>]]></Details>
<Time><![CDATA[14.06.2021 - 22:51:40]]></Time>
<TimeTick>1623700300</TimeTick>
<NodeArgs eType="General" icon="10" nRep="22" status="Passed" >
<Disp><![CDATA[Submit Data: compose_2]]></Disp>
<BtmPane vType="HTMLSNSH" >
<Path><![CDATA[\Iteration1\t9.inf]]></Path>
</BtmPane>
</NodeArgs>
</Step>
<Step rID="T19">
<Obj plainTxt="False" ><![CDATA[Service: Reg Save Param Attrib]]></Obj>
<Details plainTxt="False" ><![CDATA[<CENTER>ParamName = <STRONG><FONT COLOR=#00AF00>form_token</FONT></STRONG><BR>TagName = <STRONG><FONT COLOR=#00AF00>input</FONT></STRONG><BR>Extract = <STRONG><FONT COLOR=#00AF00>value</FONT></STRONG></CENTER>]]></Details>
<Time><![CDATA[14.06.2021 - 22:51:40]]></Time>
<TimeTick>1623700300</TimeTick>
<NodeArgs eType="General" icon="7" nRep="23" >
<Disp><![CDATA[Service: Reg Save Param Attrib]]></Disp>
</NodeArgs>
</Step>
<Step rID="T20">
<Obj plainTxt="False" ><![CDATA[Service: Reg Save Param Attrib]]></Obj>
<Details plainTxt="False" ><![CDATA[<CENTER>ParamName = <STRONG><FONT COLOR=#00AF00>form_sign</FONT></STRONG><BR>TagName = <STRONG><FONT COLOR=#00AF00>input</FONT></STRONG><BR>Extract = <STRONG><FONT COLOR=#00AF00>value</FONT></STRONG></CENTER>]]></Details>
<Time><![CDATA[14.06.2021 - 22:51:40]]></Time>
<TimeTick>1623700300</TimeTick>
<NodeArgs eType="General" icon="7" nRep="24" >
<Disp><![CDATA[Service: Reg Save Param Attrib]]></Disp>
</NodeArgs>
</Step>
<Step rID="T21">
<Obj plainTxt="False" ><![CDATA[Service: Reg Save Param Attrib]]></Obj>
<Details plainTxt="False" ><![CDATA[<CENTER>ParamName = <STRONG><FONT COLOR=#00AF00>message</FONT></STRONG><BR>TagName = <STRONG><FONT COLOR=#00AF00>input</FONT></STRONG><BR>Extract = <STRONG><FONT COLOR=#00AF00>value</FONT></STRONG></CENTER>]]></Details>
<Time><![CDATA[14.06.2021 - 22:51:40]]></Time>
<TimeTick>1623700300</TimeTick>
<NodeArgs eType="General" icon="7" nRep="25" >
<Disp><![CDATA[Service: Reg Save Param Attrib]]></Disp>
</NodeArgs>
</Step>
<Step rID="T22">
<Obj plainTxt="False" ><![CDATA[Url: compose]]></Obj>
<Details plainTxt="False" ><![CDATA[<CENTER><STRONG><FONT COLOR=#009A63>Step completed successfully</FONT></STRONG></CENTER>]]></Details>
<Time><![CDATA[14.06.2021 - 22:51:41]]></Time>
<TimeTick>1623700301</TimeTick>
<NodeArgs eType="General" icon="8" nRep="26" status="Passed" >
<Disp><![CDATA[Url: compose]]></Disp>
<BtmPane vType="HTMLSNSH" >
<Path><![CDATA[\Iteration1\t13.inf]]></Path>
</BtmPane>
</NodeArgs>
</Step>
<Step rID="T23">
<Obj plainTxt="False" ><![CDATA[Submit Data: compose_2]]></Obj>
<Details plainTxt="False" ><![CDATA[<CENTER><STRONG><FONT COLOR=#009A63>Step completed successfully</FONT></STRONG></CENTER>]]></Details>
<Time><![CDATA[14.06.2021 - 22:51:42]]></Time>
<TimeTick>1623700302</TimeTick>
<NodeArgs eType="General" icon="10" nRep="27" status="Passed" >
<Disp><![CDATA[Submit Data: compose_2]]></Disp>
<BtmPane vType="HTMLSNSH" >
<Path><![CDATA[\Iteration1\t14.inf]]></Path>
</BtmPane>
</NodeArgs>
</Step>
<Step rID="T24">
<Obj plainTxt="False" ><![CDATA[Service: Reg Save Param Attrib]]></Obj>
<Details plainTxt="False" ><![CDATA[<CENTER>ParamName = <STRONG><FONT COLOR=#00AF00>form_token</FONT></STRONG><BR>TagName = <STRONG><FONT COLOR=#00AF00>input</FONT></STRONG><BR>Extract = <STRONG><FONT COLOR=#00AF00>value</FONT></STRONG></CENTER>]]></Details>
<Time><![CDATA[14.06.2021 - 22:51:42]]></Time>
<TimeTick>1623700302</TimeTick>
<NodeArgs eType="General" icon="7" nRep="28" >
<Disp><![CDATA[Service: Reg Save Param Attrib]]></Disp>
</NodeArgs>
</Step>
<Step rID="T25">
<Obj plainTxt="False" ><![CDATA[Service: Reg Save Param Attrib]]></Obj>
<Details plainTxt="False" ><![CDATA[<CENTER>ParamName = <STRONG><FONT COLOR=#00AF00>form_sign</FONT></STRONG><BR>TagName = <STRONG><FONT COLOR=#00AF00>input</FONT></STRONG><BR>Extract = <STRONG><FONT COLOR=#00AF00>value</FONT></STRONG></CENTER>]]></Details>
<Time><![CDATA[14.06.2021 - 22:51:42]]></Time>
<TimeTick>1623700302</TimeTick>
<NodeArgs eType="General" icon="7" nRep="29" >
<Disp><![CDATA[Service: Reg Save Param Attrib]]></Disp>
</NodeArgs>
</Step>
<Step rID="T26">
<Obj plainTxt="False" ><![CDATA[Service: Reg Save Param Attrib]]></Obj>
<Details plainTxt="False" ><![CDATA[<CENTER>ParamName = <STRONG><FONT COLOR=#00AF00>message</FONT></STRONG><BR>TagName = <STRONG><FONT COLOR=#00AF00>input</FONT></STRONG><BR>Extract = <STRONG><FONT COLOR=#00AF00>value</FONT></STRONG></CENTER>]]></Details>
<Time><![CDATA[14.06.2021 - 22:51:42]]></Time>
<TimeTick>1623700302</TimeTick>
<NodeArgs eType="General" icon="7" nRep="30" >
<Disp><![CDATA[Service: Reg Save Param Attrib]]></Disp>
</NodeArgs>
</Step>
<Step rID="T27">
<Obj plainTxt="False" ><![CDATA[Url: compose]]></Obj>
<Details plainTxt="False" ><![CDATA[<CENTER><STRONG><FONT COLOR=#009A63>Step completed successfully</FONT></STRONG></CENTER>]]></Details>
<Time><![CDATA[14.06.2021 - 22:51:43]]></Time>
<TimeTick>1623700303</TimeTick>
<NodeArgs eType="General" icon="8" nRep="31" status="Passed" >
<Disp><![CDATA[Url: compose]]></Disp>
<BtmPane vType="HTMLSNSH" >
<Path><![CDATA[\Iteration1\t18.inf]]></Path>
</BtmPane>
</NodeArgs>
</Step>
<Step rID="T28">
<Obj plainTxt="False" ><![CDATA[Submit Data: compose_2]]></Obj>
<Details plainTxt="False" ><![CDATA[<CENTER><STRONG><FONT COLOR=#009A63>Step completed successfully</FONT></STRONG></CENTER>]]></Details>
<Time><![CDATA[14.06.2021 - 22:51:43]]></Time>
<TimeTick>1623700303</TimeTick>
<NodeArgs eType="General" icon="10" nRep="32" status="Passed" >
<Disp><![CDATA[Submit Data: compose_2]]></Disp>
<BtmPane vType="HTMLSNSH" >
<Path><![CDATA[\Iteration1\t19.inf]]></Path>
</BtmPane>
</NodeArgs>
</Step>
<Step rID="T29">
<Obj plainTxt="False" ><![CDATA[Url: logout]]></Obj>
<Details plainTxt="False" ><![CDATA[<CENTER><STRONG><FONT COLOR=#009A63>Step completed successfully</FONT></STRONG></CENTER>]]></Details>
<Time><![CDATA[14.06.2021 - 22:51:44]]></Time>
<TimeTick>1623700304</TimeTick>
<NodeArgs eType="General" icon="8" nRep="33" status="Passed" >
<Disp><![CDATA[Url: logout]]></Disp>
<BtmPane vType="HTMLSNSH" >
<Path><![CDATA[\Iteration1\t20.inf]]></Path>
</BtmPane>
</NodeArgs>
</Step>
<Summary sTime="14.06.2021 - 22:51:35" eTime="14.06.2021 - 22:51:44" passed="10" failed="0" warnings="0" ></Summary>
<NodeArgs eType="StartAction" icon="2" nRep="8" status="Passed" >
<Disp><![CDATA[Action Summary]]></Disp>
</NodeArgs>
</Action>
<NodeArgs eType="StartIteration" icon="3" nRep="7" status="Passed" >
<Disp><![CDATA[UC_sendmail Iteration 1 (Row 1)]]></Disp>
</NodeArgs>
</DIter>
<Action rID="T30">
<AName><![CDATA[vuser_end]]></AName>
<Summary sTime="14.06.2021 - 22:51:45" eTime="14.06.2021 - 22:51:45" passed="0" failed="0" warnings="0" ></Summary>
<NodeArgs eType="StartAction" icon="2" nRep="36" >
<Disp><![CDATA[vuser_end Summary]]></Disp>
</NodeArgs>
</Action>
<Summary sTime="14.06.2021 - 22:51:35" eTime="14.06.2021 - 22:51:45" passed="10" failed="0" warnings="0" ></Summary>
<NodeArgs eType="StartTest" icon="1" nRep="4" status="Passed" >
<Disp><![CDATA[Test UC_sendmail Summary]]></Disp>
</NodeArgs>
</Doc>
</Report>