[
    {
        "actionName": "Action",
        "steps": [
            {
                "stepId": "STEP1",
                "stepName": "Url: light.mail.ru",
                "infFile": "t2.inf",
                "time": 1623700297644
            },
            {
                "stepId": "STEP2",
                "stepName": "Submit Data: info",
                "infFile": "t3.inf",
                "time": 1623700297969
            },
            {
                "stepId": "STEP3",
                "stepName": "Submit Data: auth",
                "infFile": "t4.inf",
                "time": 1623700299252
            },
            {
                "stepId": "STEP4",
                "stepName": "Url: compose",
                "infFile": "t8.inf",
                "time": 1623700299940
            },
            {
                "stepId": "STEP5",
                "stepName": "Submit Data: compose_2",
                "infFile": "t9.inf",
                "time": 1623700300750
            },
            {
                "stepId": "STEP6",
                "stepName": "Url: compose",
                "infFile": "t13.inf",
                "time": 1623700301588
            },
            {
                "stepId": "STEP7",
                "stepName": "Submit Data: compose_2",
                "infFile": "t14.inf",
                "time": 1623700302359
            },
            {
                "stepId": "STEP8",
                "stepName": "Url: compose",
                "infFile": "t18.inf",
                "time": 1623700303014
            },
            {
                "stepId": "STEP9",
                "stepName": "Submit Data: compose_2",
                "infFile": "t19.inf",
                "time": 1623700303809
            },
            {
                "stepId": "STEP10",
                "stepName": "Url: logout",
                "infFile": "t20.inf",
                "time": 1623700304944
            }
        ],
        "transactions": [
            {
                "transactionName": "UC01_LOG_IN",
                "rawStartTime": 1623700297664,
                "rawEndTime": 1623700299261,
                "thinkTime": 0.0,
                "wastedTime": 0.08349108695983887
            },
            {
                "transactionName": "UC02_CREATE_LETTER",
                "rawStartTime": 1623700299274,
                "rawEndTime": 1623700303852,
                "thinkTime": 0.0,
                "wastedTime": 0.24819660186767579
            },
            {
                "transactionName": "UC03_LOG_OUT",
                "rawStartTime": 1623700303862,
                "rawEndTime": 1623700304952,
                "thinkTime": 0.0,
                "wastedTime": 0.15156078338623048
            },
            {
                "transactionName": "UC_sendmail",
                "rawStartTime": 1623700295323,
                "rawEndTime": 1623700304972,
                "thinkTime": 0.0,
                "wastedTime": 0.6821372509002686
            }
        ]
    }
]