[
    {
        "actionName": "Action",
        "steps": [
            {
                "stepId": "STEP1",
                "stepName": "Url: light.mail.ru",
                "infFile": "t2.inf",
                "time": 1623702881232
            },
            {
                "stepId": "STEP2",
                "stepName": "Submit Data: info",
                "infFile": "t3.inf",
                "time": 1623702881390
            },
            {
                "stepId": "STEP3",
                "stepName": "Submit Data: auth",
                "infFile": "t5.inf",
                "time": 1623702882247
            },
            {
                "stepId": "STEP4",
                "stepName": "Url: light.mail.ru",
                "infFile": "t6.inf",
                "time": 1623702882563
            }
        ],
        "transactions": [
            {
                "transactionName": "UC01_LOG_IN_TRANFER",
                "rawStartTime": 1623702881407,
                "rawEndTime": 1623702882251,
                "thinkTime": 0.0,
                "wastedTime": 0.04705071449279785
            },
            {
                "transactionName": "UC_transfer_mail",
                "rawStartTime": 1623702880336,
                "rawEndTime": 1623702882659,
                "thinkTime": 0.0,
                "wastedTime": 0.2537193298339844
            }
        ]
    }
]