<?xml version="1.0" encoding="utf-8"?>
<VugenScriptMetadata>
  <ScriptName>UC_sendmail</ScriptName>
  <Protocol>Web - HTTP/HTML</Protocol>
  <ActionFiles>
    <FileEntry Name="vuser_init.c" Filter="2" />
    <FileEntry Name="Action.c" Filter="2" />
    <FileEntry Name="vuser_end.c" Filter="2" />
  </ActionFiles>
  <GeneralFiles>
    <FileEntry Name="UC_sendmail.usr" Filter="4" />
    <FileEntry Name="default.cfg" Filter="4" />
    <FileEntry Name="default.usp" Filter="4" />
    <FileEntry Name="UC_sendmail.prm" Filter="2" />
    <FileEntry Name="custom_body_variables.txt" Filter="2" />
    <FileEntry Name="globals.h" Filter="2" />
    <FileEntry Name="lrw_custom_body.h" Filter="2" />
    <FileEntry Name="WebSocketBuffer.h" Filter="2" />
    <FileEntry Name="WebSocketCB.c" Filter="2" />
    <FileEntry Name="RandomText.c" Filter="2" />
    <FileEntry Name="GenerateTema.c" Filter="2" />
    <FileEntry Name="mail_login.dat" Filter="2" />
    <FileEntry Name="combined_UC_sendmail.c" Filter="2" />
    <FileEntry Name="pre_cci.c" Filter="2" />
    <FileEntry Name="113919990441.idx" Filter="1" />
    <FileEntry Name="35011093441.idx" Filter="1" />
    <FileEntry Name="3501109344_5v2.521.idx" Filter="1" />
    <FileEntry Name="3501109344_6PC.403.idx" Filter="1" />
    <FileEntry Name="3501109344_7hs.645.idx" Filter="1" />
    <FileEntry Name="3501109344_8oH.307.idx" Filter="1" />
    <FileEntry Name="3501109344_a8X.633.idx" Filter="1" />
    <FileEntry Name="3501109344_ANc.789.idx" Filter="1" />
    <FileEntry Name="3501109344_DdY.567.idx" Filter="1" />
    <FileEntry Name="3501109344_dGn.521.idx" Filter="1" />
    <FileEntry Name="3501109344_DTz.145.idx" Filter="1" />
    <FileEntry Name="3501109344_EtV.47.idx" Filter="1" />
    <FileEntry Name="3501109344_fLG.515.idx" Filter="1" />
    <FileEntry Name="3501109344_G95.299.idx" Filter="1" />
    <FileEntry Name="3501109344_gUb.119.idx" Filter="1" />
    <FileEntry Name="3501109344_hBP.455.idx" Filter="1" />
    <FileEntry Name="3501109344_Hxh.97.idx" Filter="1" />
    <FileEntry Name="3501109344_i8m.13.idx" Filter="1" />
    <FileEntry Name="3501109344_iWV.123.idx" Filter="1" />
    <FileEntry Name="3501109344_J0g.975.idx" Filter="1" />
    <FileEntry Name="3501109344_j91.763.idx" Filter="1" />
    <FileEntry Name="3501109344_jdv.73.idx" Filter="1" />
    <FileEntry Name="3501109344_Ml4.727.idx" Filter="1" />
    <FileEntry Name="3501109344_NJb.345.idx" Filter="1" />
    <FileEntry Name="3501109344_NzH.213.idx" Filter="1" />
    <FileEntry Name="3501109344_OgS.771.idx" Filter="1" />
    <FileEntry Name="3501109344_owJ.445.idx" Filter="1" />
    <FileEntry Name="3501109344_P1f.561.idx" Filter="1" />
    <FileEntry Name="3501109344_qSC.855.idx" Filter="1" />
    <FileEntry Name="3501109344_RCC.539.idx" Filter="1" />
    <FileEntry Name="3501109344_rho.803.idx" Filter="1" />
    <FileEntry Name="3501109344_rP5.647.idx" Filter="1" />
    <FileEntry Name="3501109344_rwZ.613.idx" Filter="1" />
    <FileEntry Name="3501109344_S5m.609.idx" Filter="1" />
    <FileEntry Name="3501109344_Sb0.257.idx" Filter="1" />
    <FileEntry Name="3501109344_sCq.37.idx" Filter="1" />
    <FileEntry Name="3501109344_ThK.727.idx" Filter="1" />
    <FileEntry Name="3501109344_UiV.871.idx" Filter="1" />
    <FileEntry Name="3501109344_Upm.529.idx" Filter="1" />
    <FileEntry Name="3501109344_wGT.293.idx" Filter="1" />
    <FileEntry Name="3501109344_Xfw.351.idx" Filter="1" />
    <FileEntry Name="3501109344_XRa.933.idx" Filter="1" />
    <FileEntry Name="3501109344_Xze.237.idx" Filter="1" />
    <FileEntry Name="3501109344_yab.515.idx" Filter="1" />
    <FileEntry Name="3501109344_YBf.997.idx" Filter="1" />
    <FileEntry Name="3501109344_yRL.191.idx" Filter="1" />
    <FileEntry Name="Bookmarks.xml" Filter="1" />
    <FileEntry Name="Breakpoints.xml" Filter="1" />
    <FileEntry Name="CompilerLogMetadata.xml" Filter="1" />
    <FileEntry Name="logfile.log" Filter="1" />
    <FileEntry Name="mail_password.dat" Filter="1" />
    <FileEntry Name="mdrv.log" Filter="1" />
    <FileEntry Name="mdrv2yz.345.log" Filter="1" />
    <FileEntry Name="mdrv45Q.1.log" Filter="1" />
    <FileEntry Name="mdrv6Tv.83.log" Filter="1" />
    <FileEntry Name="mdrvC4F.751.log" Filter="1" />
    <FileEntry Name="mdrvC7Z.33.log" Filter="1" />
    <FileEntry Name="mdrvcA7.673.log" Filter="1" />
    <FileEntry Name="mdrvCyB.457.log" Filter="1" />
    <FileEntry Name="mdrvdbJ.807.log" Filter="1" />
    <FileEntry Name="mdrvDcQ.29.log" Filter="1" />
    <FileEntry Name="mdrve4W.487.log" Filter="1" />
    <FileEntry Name="mdrvEhH.67.log" Filter="1" />
    <FileEntry Name="mdrvGNO.723.log" Filter="1" />
    <FileEntry Name="mdrvh4V.65.log" Filter="1" />
    <FileEntry Name="mdrvhUk.113.log" Filter="1" />
    <FileEntry Name="mdrvI11.471.log" Filter="1" />
    <FileEntry Name="mdrvIz5.91.log" Filter="1" />
    <FileEntry Name="mdrvJ1D.275.log" Filter="1" />
    <FileEntry Name="mdrvK9f.77.log" Filter="1" />
    <FileEntry Name="mdrvlJZ.839.log" Filter="1" />
    <FileEntry Name="mdrvlqz.275.log" Filter="1" />
    <FileEntry Name="mdrvnuO.453.log" Filter="1" />
    <FileEntry Name="mdrvOUP.665.log" Filter="1" />
    <FileEntry Name="mdrvPT0.945.log" Filter="1" />
    <FileEntry Name="mdrvQ0m.415.log" Filter="1" />
    <FileEntry Name="mdrvrb6.759.log" Filter="1" />
    <FileEntry Name="mdrvs63.109.log" Filter="1" />
    <FileEntry Name="mdrvT2d.385.log" Filter="1" />
    <FileEntry Name="mdrvtmX.931.log" Filter="1" />
    <FileEntry Name="mdrvw1c.199.log" Filter="1" />
    <FileEntry Name="mdrvZb4.969.log" Filter="1" />
    <FileEntry Name="mdrvzoO.77.log" Filter="1" />
    <FileEntry Name="mdrv_cmd.txt" Filter="1" />
    <FileEntry Name="options.txt" Filter="1" />
    <FileEntry Name="output.bak" Filter="1" />
    <FileEntry Name="output.txt" Filter="1" />
    <FileEntry Name="OutputColoringDatabase.json" Filter="1" />
    <FileEntry Name="ReplaySummaryReport.xml" Filter="1" />
    <FileEntry Name="ScriptUploadMetadata.xml" Filter="1" />
    <FileEntry Name="ThumbnailsCache.tmp" Filter="1" />
    <FileEntry Name="UC_sendmail.c.pickle" Filter="1" />
    <FileEntry Name="UC_sendmail.ci" Filter="1" />
    <FileEntry Name="UC_sendmail.prm.bak" Filter="1" />
    <FileEntry Name="UserTasks.xml" Filter="1" />
    <FileEntry Name="result1\" Filter="1" />
  </GeneralFiles>
</VugenScriptMetadata>