<?xml version="1.0" encoding="utf-8"?>
<VugenScriptMetadata>
  <ScriptName>UC_sendmail</ScriptName>
  <Protocol>Web - HTTP/HTML</Protocol>
  <ActionFiles>
    <FileEntry Name="vuser_init.c" Filter="2" />
    <FileEntry Name="Action.c" Filter="2" />
    <FileEntry Name="vuser_end.c" Filter="2" />
  </ActionFiles>
  <GeneralFiles>
    <FileEntry Name="UC_sendmail.usr" Filter="4" />
    <FileEntry Name="default.cfg" Filter="4" />
    <FileEntry Name="default.usp" Filter="4" />
    <FileEntry Name="UC_sendmail.prm" Filter="2" />
    <FileEntry Name="custom_body_variables.txt" Filter="2" />
    <FileEntry Name="globals.h" Filter="2" />
    <FileEntry Name="lrw_custom_body.h" Filter="2" />
    <FileEntry Name="WebSocketBuffer.h" Filter="2" />
    <FileEntry Name="WebSocketCB.c" Filter="2" />
    <FileEntry Name="mail_login.dat" Filter="2" />
    <FileEntry Name="RandomText.c" Filter="2" />
    <FileEntry Name="GenerateTema.c" Filter="2" />
    <FileEntry Name="mail_password.dat" Filter="2" />
    <FileEntry Name="combined_UC_sendmail.c" Filter="2" />
    <FileEntry Name="pre_cci.c" Filter="2" />
    <FileEntry Name="113919990441.idx" Filter="1" />
    <FileEntry Name="35011093441.idx" Filter="1" />
    <FileEntry Name="Bookmarks.xml" Filter="1" />
    <FileEntry Name="Breakpoints.xml" Filter="1" />
    <FileEntry Name="CompilerLogMetadata.xml" Filter="1" />
    <FileEntry Name="data.zip" Filter="1" />
    <FileEntry Name="HW_!_Lightmail.prm.bak" Filter="1" />
    <FileEntry Name="logfile.log" Filter="1" />
    <FileEntry Name="mdrv.log" Filter="1" />
    <FileEntry Name="mdrv_cmd.txt" Filter="1" />
    <FileEntry Name="options.txt" Filter="1" />
    <FileEntry Name="output.bak" Filter="1" />
    <FileEntry Name="output.txt" Filter="1" />
    <FileEntry Name="OutputColoringDatabase.json" Filter="1" />
    <FileEntry Name="ReplaySummaryReport.xml" Filter="1" />
    <FileEntry Name="ScriptUploadMetadata.xml" Filter="1" />
    <FileEntry Name="ThumbnailsCache.tmp" Filter="1" />
    <FileEntry Name="UC_sendmail.c.pickle" Filter="1" />
    <FileEntry Name="UC_sendmail.ci" Filter="1" />
    <FileEntry Name="UserTasks.xml" Filter="1" />
    <FileEntry Name="data\" Filter="1" />
    <FileEntry Name="result1\" Filter="1" />
  </GeneralFiles>
</VugenScriptMetadata>